"","scale","construct","variable_categorical","variable_numeric","citation","alpha","omega_total","baseline","cross22","cross23","cross24","cohort22","cohort23","cohort24","notes","min","max","median","mean","sd","quantile_25","quantile_75","skewness","kurtosis"
"2","Malach-Pines Burnout Measure","Burnout","WELLNESS_malach_pines_burnout_measure_score_y_n","WELLNESS_malach_pines_burnout_measure_score","malach-pines_burnout_2005","0.918033958591721","0.935861510617872","TRUE","TRUE","FALSE","FALSE","TRUE","TRUE","TRUE","Psychometrics from baseline",1,7,3.5,3.42858494135452,1.16207093507983,2.6,4.1,0.207502661993734,-0.026950084823774
"21","UCLA 3-Item Loneliness Scale","Loneliness","LONELY_ucla_loneliness_scale_score_y_n","LONELY_ucla_loneliness_scale_score","hughes_short_2004","0.757080001281289","0.760199016621484","TRUE","FALSE","FALSE","FALSE","TRUE","TRUE","TRUE","Psychometrics from baseline",3,9,6,5.55827307528711,1.78363433817674,4,7,0.330463457724691,-0.660465873371833
"3","DeJong Loneliness Scale","Overall loneliness","LONELY_dejong_emotional_social_loneliness_scale_score_y_n","LONELY_dejong_emotional_social_loneliness_scale_score","de_jong_gierveld_6-item_2006","0.699180007375291","0.784688219768127","TRUE","TRUE","TRUE","TRUE","TRUE","TRUE","TRUE","Psychometrics include only cross-sectional data",0,6,4,3.76746166950596,1.84074033239839,2,5,-0.455340949078677,-0.890513115192364
"4","DeJong Loneliness Scale","Emotional loneliness","LONELY_dejong_emotional_loneliness_sub_scale_score_y_n","LONELY_dejong_emotional_loneliness_sub_scale_score","de_jong_gierveld_6-item_2006","0.667771281656659","0.694267341210037","TRUE","TRUE","TRUE","TRUE","TRUE","TRUE","TRUE",NA,0,3,2,1.86465882352941,1.10794380523078,1,3,-0.430889136378223,-1.21063437301139
"5","DeJong Loneliness Scale","Social loneliness","LONELY_dejong_social_loneliness_sub_scale_score_y_n","LONELY_dejong_social_loneliness_sub_scale_score","de_jong_gierveld_6-item_2006","0.731417476857109","0.734336534145213","TRUE","TRUE","TRUE","TRUE","TRUE","TRUE","TRUE",NA,0,3,2,1.90391459074733,1.17046704519099,1,3,-0.54934016077847,-1.22807910644551
"6","Steptoe Social Isolation Index","Social isolation","LONELY_steptoe_isolation_index_score_y_n","LONELY_steptoe_isolation_index_score","steptoe_social_2013","0.197494256945521","0.311255429441824","TRUE","FALSE","TRUE","FALSE","FALSE","FALSE","FALSE","2023 derived from other vars, unsure about social item",0,5,1,1.50968783638321,1.13344497300685,1,2,0.606965525751281,-0.0819979986181214
"7","Multidimensional Scale of Perceived Social Support","Perceived Social Support","PSYCH_zimet_multidimensional_social_support_scale_score_hml","PSYCH_zimet_multidimensional_social_support_scale_score","zimet_multidimensional_1988","0.937195532551787","0.954073660164022","TRUE","FALSE","FALSE","FALSE","TRUE","TRUE","TRUE","additional citation: canty-mitchell_psychometric_2000",1,7,5,4.93714607090218,1.143096008742,4.25,5.75,-0.534741047748047,0.686417080946317
"8","Multidimensional Scale of Perceived Social Support","Perceived Family Support","PSYCH_zimet_multidimensional_social_support_family_subscale_score_hml","PSYCH_zimet_multidimensional_social_support_family_subscale_score","zimet_multidimensional_1988","0.866325746098537","0.887015579521907","TRUE","FALSE","FALSE","FALSE","TRUE","TRUE","TRUE","additional citation: canty-mitchell_psychometric_2000",1,7,5,4.84563338639982,1.28230867997227,4,5.75,-0.444175331122187,0.178810587303533
"9","Multidimensional Scale of Perceived Social Support","Perceived Friends Support","PSYCH_zimet_multidimensional_social_support_friends_subscale_score_hml","PSYCH_zimet_multidimensional_social_support_friends_subscale_score","zimet_multidimensional_1988","0.866938819726575","0.87259915612058","TRUE","FALSE","FALSE","FALSE","TRUE","TRUE","TRUE","additional citation: canty-mitchell_psychometric_2000",1,7,5,4.85153212897325,1.16249474757403,4.25,5.5,-0.449336261498373,0.7942096959742
"10","Multidimensional Scale of Perceived Social Support","Perceived Partner Support","PSYCH_zimet_multidimensional_social_support_significant_other_subscale_score_hml","PSYCH_zimet_multidimensional_social_support_significant_other_subscale_score","zimet_multidimensional_1988","0.901962913618457","0.916566171134948","TRUE","FALSE","FALSE","FALSE","TRUE","TRUE","TRUE","additional citation: canty-mitchell_psychometric_2000",1,7,5,5.11485564901114,1.39577715979117,4.25,6.25,-0.65793348997985,0.367110525674329
"11","Subjective Happiness Scale","Global Subjective Happiness",NA,"WELLNESS_subjective_happiness_scale_score","lyubomirsky_measure_1999","-0.859394042351372","0.27791487425164","TRUE","FALSE","FALSE","FALSE","TRUE","TRUE","TRUE","I doubled checked the reverse scoring",1,7,4.5,4.4409018446823,1.23914779194099,3.75,5.25,-0.18379787617903,-0.131308730609311
"12","Patient Health Questionnaire (PHQ-2)","Frequency of depressed mood and anhedonia over the past two weeks","WELLNESS_phq_score_y_n","WELLNESS_phq_score","kroenke_patient_2003","0.782370718593654","0.782370718593654","TRUE","TRUE","TRUE","TRUE","TRUE","TRUE","TRUE",NA,0,6,2,1.94224869157192,1.7495739077391,0,3,0.707485966190764,-0.314407937182488
"13","Generalized Anxiety Disorder (GAD-2)","Screening Tool for Anxiety Disorder in the last two weeks","WELLNESS_gad_score_y_n","WELLNESS_gad_score","kroenke_anxiety_2007","0.714675349419998","0.714675349419998","TRUE","TRUE","TRUE","TRUE","TRUE","TRUE","TRUE",NA,0,6,2,2.05169468668525,1.70461350660532,1,3,0.600426885691797,-0.376032763434377
"14","Social Interaction Anxiety Scale (SIAS-6)","Fear of general social interaction","PSYCH_social_interactions_anxiety_scale_score_y_n","PSYCH_social_interactions_anxiety_scale_score","peters_development_2012","0.873551361538294","0.900167920040206","TRUE","TRUE","TRUE","TRUE","FALSE","FALSE","FALSE","Psychometrics from all cross-sections",0,24,5,6.35692706085455,5.24018045658323,2,10,0.703499986944885,-0.11478400830843
"15","Social Phobia Scale (SPS-6)","Social phobia or fear of being scrutinised during routine activities (eating, drinking, writing, etc.)","PSYCH_social_phobia_scale_score_y_n","PSYCH_social_phobia_scale_score","peters_development_2012","0.868719291906723","0.907248502416407","TRUE","TRUE","TRUE","TRUE","FALSE","FALSE","FALSE","Threshold taken from 10.1186/s12888-021-03174-6 (zsido_psychometric_2021)",0,24,4,5.41697312588402,5.5576654362995,0,9,0.940054766150729,0.163045263629635
"16","9-Item Everyday Discrimination Scale","Chronic, day-to-day discrimination",NA,"LIFECOURSE_everyday_discrimination_score","benner_potential_2024","0.948974013298862","0.959832372080761","TRUE","FALSE","FALSE","FALSE","FALSE","FALSE","FALSE","Original scale contains more items",1,6,2.77777777777778,2.80260942760943,1.27610488723592,1.66666666666667,3.77777777777778,0.219664924209406,-0.916438538364389
"17","Horizontal and Vertical Individualism–Collectivism Scale","Horizontal individualism",NA,"PSYCH_cultural_orientation_scale_horizontal_individualism_subscale_score","triandis_converging_1998","0.902174522570741","0.902653487630932","TRUE","FALSE","FALSE","FALSE","FALSE","TRUE","FALSE","Items loaded as expected in FA when specifying #4",4,36,25,25.0153034300792,7.18456915178593,20,31,-0.290428244648728,-0.569295601876373
"18","Horizontal and Vertical Individualism–Collectivism Scale","Horizontal collectivism",NA,"PSYCH_cultural_orientation_scale_horizontal_collectivism_subscale_score","triandis_converging_1998","0.878334433305338","0.878715001629041","TRUE","FALSE","FALSE","FALSE","FALSE","TRUE","FALSE","Items loaded as expected in FA when specifying #4",4,36,25,24.6231501057082,6.77133918710055,20,30,-0.3606518585992,-0.172447556115979
"19","Horizontal and Vertical Individualism–Collectivism Scale","Verical individualism",NA,"PSYCH_cultural_orientation_scale_vertical_individualism_subscale_score","triandis_converging_1998","0.829207591533179","0.836297187930243","TRUE","FALSE","FALSE","FALSE","FALSE","TRUE","FALSE","Items loaded as expected in FA when specifying #4",4,36,19,18.8920634920635,7.49208090662918,13,24,0.0583886916247258,-0.514622377018896
"20","Horizontal and Vertical Individualism–Collectivism Scale","Vertical collectivism",NA,"PSYCH_cultural_orientation_scale_vertical_collectivism_subscale_score","triandis_converging_1998","0.874727400001526","0.875582296947331","TRUE","FALSE","FALSE","FALSE","FALSE","TRUE","FALSE","Items loaded as expected in FA when specifying #4",4,36,23,23.1760674749605,7.11683663160918,19,28,-0.120448099265357,-0.420124411939959
"211","10-item measure of the Big-Five personality dimensions","Openness to Experience",NA,"PSYCH_ten_item_personality_inventory_openness_score","gosling_very_2003","0.167819527187119","0.167819527187119","TRUE","TRUE","FALSE","FALSE","FALSE","FALSE","FALSE","Note the authors acknoledge poor psychometrics",1,7,4.5,4.70258110348094,1.24407090907445,4,5.5,0.0120218787794769,-0.54811496019044
"22","10-item measure of the Big-Five personality dimensions","Conscientiousness",NA,"PSYCH_ten_item_personality_inventory_conscientiousness_score","gosling_very_2003","0.402622096727586","0.402622096727586","TRUE","TRUE","FALSE","FALSE","FALSE","FALSE","FALSE","Note the authors acknoledge poor psychometrics",1,7,5,4.8842504743833,1.36769317970355,4,6,-0.139236409199016,-0.665385575094076
"23","10-item measure of the Big-Five personality dimensions","Extraversion",NA,"PSYCH_ten_item_personality_inventory_extraversion_score","gosling_very_2003","0.289029614725481","0.28902961472548","TRUE","TRUE","FALSE","FALSE","FALSE","FALSE","FALSE","Note the authors acknoledge poor psychometrics",1,7,4,3.8367587999055,1.39021699448737,3,4.5,-0.032776838135424,-0.207237195303085
"24","10-item measure of the Big-Five personality dimensions","Agreeableness",NA,"PSYCH_ten_item_personality_inventory_agreeableness_score","gosling_very_2003","0.161260404766616","0.161260404766616","TRUE","TRUE","FALSE","FALSE","FALSE","FALSE","FALSE","Note the authors acknoledge poor psychometrics",1,7,5,4.95510542525468,1.22389736409563,4,6,-0.11829012677209,-0.498271371276242
"25","10-item measure of the Big-Five personality dimensions"," Emotional Stability",NA,"PSYCH_ten_item_personality_inventory_emotional_stability_score","gosling_very_2003","0.362565032433027","0.362565032433026","TRUE","TRUE","FALSE","FALSE","FALSE","FALSE","FALSE","Note the authors acknoledge poor psychometrics",1,7,4.25,4.37281323877069,1.35853132437019,3.5,5.5,-0.0568493459899032,-0.319970677549028
"26","Existential Isolation Scale","Existential Isolation",NA,"LONELY_existential_loneliness_scale_score","pinel_prisoner_2017","0.818547465747487","0.8851602256807","TRUE","FALSE","FALSE","FALSE","TRUE","TRUE","TRUE","The scale corresponds to isolation but it was coded as loneliness",6,54,30,30.3954996186117,7.3114312324943,26,35,-0.127798944882392,1.18672140164109
"27","Short-Form Version of the Attachment Style Questionnaire","Secure attachement: confidence in establishing relationships with others",NA,"PSYCH_attachment_style_questionnaire_secure_score","iwanaga_preliminary_2018","0.883383415839479","0.898527829438435","TRUE","FALSE","FALSE","FALSE","FALSE","TRUE","FALSE","Alpha in the validation study was 0.74",4,24,16,15.6357063403782,4.62568785379296,13,19,-0.406681283494443,-0.278844485133574
"28","Short-Form Version of the Attachment Style Questionnaire","Anxious attachement: preoccupation with relationships",NA,"PSYCH_attachment_style_questionnaire_anxious_score","iwanaga_preliminary_2018","0.855849904849989","0.880008174539419","TRUE","FALSE","FALSE","FALSE","FALSE","TRUE","FALSE","Alpha in the validation study was 0.79",4,24,14,13.3142045454545,4.59077137929385,10,16,-0.0530263705600784,-0.626332130989046
"29","Short-Form Version of the Attachment Style Questionnaire","Avoidant attachement: discomfort with closeness and difficulty trusting other people",NA,"PSYCH_attachment_style_questionnaire_avoidant_score","iwanaga_preliminary_2018","0.846078861642833","0.861305563951498","TRUE","FALSE","FALSE","FALSE","FALSE","TRUE","FALSE","Alpha in the validation study was 0.78",4,24,14,13.8577981651376,4.53448151727359,11,17,-0.187905052180986,-0.392191673318128
"30","Canadian Housing Survey Neighbourhood Satisfaction Scale",NA,NA,"GEO_canadian_housing_satisfaction_scale_score",NA,"0.842930083486105","0.885573220887569","TRUE","TRUE","FALSE","FALSE","FALSE","FALSE","FALSE","Source unclear",7,35,26,25.488857278331,5.20732352419149,22,29,-0.303106132402534,0.130650953412164
"31","Neighborhood Cohesion Index","Psychological Sense of Community",NA,"GEO_robinson_neighbourhood_cohesion_scale_score","robinson_sense_1995","0.892359474804377","0.917667776711219","TRUE","TRUE","FALSE","FALSE","FALSE","FALSE","FALSE","Original alpha: 0.78; Scale is missing neither agree or disagree level",18,72,51,49.9965156794425,9.25208535796088,45,56,-0.395399604827918,0.394265485632905
"32","Volunteer Functions Inventory","Protective factors: Ego protection and self-reflection through volunteerism",NA,"VOLUNTEERISM_volunteer_functions_inventory_protective_score","clary_understanding_1998","0.816903696871172","0.819878121507547","FALSE","TRUE","FALSE","FALSE","FALSE","FALSE","FALSE","The factors in the EFA are roughly similar but not the same",1,7,4,3.80975609756098,1.36589962868067,3,4.8,-0.229753504693362,-0.344399504830807
"33","Volunteer Functions Inventory","Values: Altruistic values expression through Volunteerism",NA,"VOLUNTEERISM_volunteer_functions_inventory_values_score","clary_understanding_1998","0.876720291399706","0.877010243602951","FALSE","TRUE","FALSE","FALSE","FALSE","FALSE","FALSE","The factors in the EFA are roughly similar but not the same",1,7,4.8,4.87226753670473,1.38828835922718,4,6,-0.329588556313207,-0.364031137835335
"34","Volunteer Functions Inventory","Career: Career development and professional growth through volunteerism",NA,"VOLUNTEERISM_volunteer_functions_inventory_career_score","clary_understanding_1998","0.896513883632599","0.897064619966995","FALSE","TRUE","FALSE","FALSE","FALSE","FALSE","FALSE","The factors in the EFA are roughly similar but not the same",1,7,3.8,3.45257985257985,1.61878936080113,2,4.6,-0.0802018516012128,-0.857249333642132
"35","Volunteer Functions Inventory","Social: Social connection and relationship-building through volunteerism",NA,"VOLUNTEERISM_volunteer_functions_inventory_social_score","clary_understanding_1998","0.84795071583522","0.848888385600216","FALSE","TRUE","FALSE","FALSE","FALSE","FALSE","FALSE","The factors in the EFA are roughly similar but not the same",5,35,19,18.6546349466776,7.09353421635601,14,23,-0.0681149576577681,-0.448364174166929
"36","Volunteer Functions Inventory","Understanding: Cognitive growth and skill utilization through volunteerism",NA,"VOLUNTEERISM_volunteer_functions_inventory_understanding_score","clary_understanding_1998","0.861541856971499","0.862578291945041","FALSE","TRUE","FALSE","FALSE","FALSE","FALSE","FALSE","The factors in the EFA are roughly similar but not the same",1,7,4.6,4.46155102040816,1.37917490165814,3.6,5.4,-0.376152700958176,-0.187204310624473
"37","Volunteer Functions Inventory","Enhancement: Personal growth and self-enhancement through volunteerism",NA,"VOLUNTEERISM_volunteer_functions_enhancement_score","clary_understanding_1998","0.864878632735478","0.867589245987213","FALSE","TRUE","FALSE","FALSE","FALSE","FALSE","FALSE","The factors in the EFA are roughly similar but not the same",1,7,4.4,4.19737704918033,1.40571656239074,3.4,5.2,-0.294694596056707,-0.32606823624175
"38","Maslach Burnout Inventory-Human Service Survey","Emotional exhaustion: feelings of being emotionally overextended and exhausted by work",NA,"WELLNESS_maslach_burnout_exhaustion_subscale_score","maslach_measurement_1981","0.90745104774123","0.932077428262931","FALSE","TRUE","FALSE","FALSE","FALSE","FALSE","FALSE","Read about critical boundaries in https://www.mindgarden.com/117-maslach-burnout-inventory-mbi#horizontalTab4",0,6,2.44444444444444,2.34054054054054,1.52953470698167,1.11111111111111,3.33333333333333,0.351339106213531,-0.560015542478677
"39","Maslach Burnout Inventory-Human Service Survey","Despersonalization: unfeeling and impersonal response toward recipients of service, care treatment, or instruction",NA,"WELLNESS_maslach_burnout_depersonalization_subscale_score","maslach_measurement_1981","0.785707327736235","0.82221489747899","FALSE","TRUE","FALSE","FALSE","FALSE","FALSE","FALSE","Read about critical boundaries in https://www.mindgarden.com/117-maslach-burnout-inventory-mbi#horizontalTab4",0,5.8,1.4,1.63090586145648,1.36961318669096,0.4,2.8,0.540673152949438,-0.586757528831785
"40","Maslach Burnout Inventory-Human Service Survey","Personal accomplishment: feelings of competence and successful achievement",NA,"WELLNESS_maslach_burnout_accomplishment_subscale_score","maslach_measurement_1981","0.851481538765031","0.87466201717294","FALSE","TRUE","FALSE","FALSE","FALSE","FALSE","FALSE","Read about critical boundaries in https://www.mindgarden.com/117-maslach-burnout-inventory-mbi#horizontalTab4",0,6,3,3.02395072992701,1.42370408161613,2.125,4.03125,-0.153470904776114,-0.534924496870264
"41","Social Self-Efficacy Scale","Social Self-Efficacy",NA,"PSYCH_dang_liu_social_self_efficacy_scale_score","abeyta_looking_2015, dang_does_2023","0.874242107068553","0.898837004010622","FALSE","TRUE","FALSE","FALSE","FALSE","FALSE","FALSE","Missing one item: establishing successful social relationships. Original scale by Abeyta, scoring by Dang and Liu",1,7,4.6,4.69363745498199,1.35680987137365,3.8,5.8,-0.233602856260775,-0.522047990215994
"42","Generalized Self-Efficacy Scale","General sense of perceived self-efficacy with the aim in mind to predict coping with daily hassles as well as adaptation after experiencing all kinds of stressful life events",NA,"PSYCH_general_self_efficacy_scale_score","schwarzer_generalized_1995","0.904787310930255","0.915017881548769","FALSE","TRUE","FALSE","FALSE","FALSE","FALSE","FALSE",NA,10,40,30,29.5759803921569,5.59834432313262,27,33,-0.493947509385282,0.7237775533203
"43","Rosenberg's Self-Esteem Scale","Self-esteem","PSYCH_rosenberg_self_esteem_score_y_n","PSYCH_rosenberg_self_esteem_score","rosenberg_conceiving_1979,isomaa_how_2013","0.914390677281264","0.936060527646892","FALSE","TRUE","TRUE","TRUE","FALSE","FALSE","FALSE","Scale by Rosenberg, scoring by Isomaa",10,40,29,28.7118090452261,6.53439187675589,24,34,-0.211282003948531,-0.500976635766935
"44","Levenson's Multidimensional Locus Of Control Scale","Chance: belief in fate or chance happenings",NA,"PSYCH_levenson_locus_of_control_chance_subscale_score","levenson_multidimensional_1973","0.804571021045386","0.853684708023684","FALSE","TRUE","FALSE","FALSE","FALSE","FALSE","FALSE",NA,0,48,21,21.5184243964422,9.79617225749624,14,28,0.222302272036099,-0.369692629946033
"45","Levenson's Multidimensional Locus Of Control Scale","Powerful others: The power of other people over the individual",NA,"PSYCH_levenson_locus_of_control_powerful_others_subscale_score","levenson_multidimensional_1973","0.837456789404451","0.867631082214222","FALSE","TRUE","FALSE","FALSE","FALSE","FALSE","FALSE",NA,0,48,21,21.5817245817246,10.6015621106955,13,30,0.170971293165844,-0.6657635741831
"46","Levenson's Multidimensional Locus Of Control Scale","Internal: competence in planning and having their hard work rewarded",NA,"PSYCH_levenson_locus_of_control_internal_subscale_score","levenson_multidimensional_1973","0.693563335473705","0.745174201743172","FALSE","TRUE","FALSE","FALSE","FALSE","FALSE","FALSE",NA,0,48,31,30.8505747126437,7.70587158148955,26,36,-0.350181887453664,0.101647252667689
"47","Body Self-Image Questionnaire – Short Form","Overall appearance evaluation",NA,"PSYCH_body_self_image_questionnaire_overall_appearance_evaluation_score","rowe_factorial_2005","0.720483809212858","0.727914598322808","FALSE","TRUE","FALSE","FALSE","FALSE","FALSE","FALSE",NA,3,15,9,8.94346733668342,2.96911905494774,7,11,-0.125376611222217,-0.538423461070966
"48","Body Self-Image Questionnaire – Short Form","Health Fitness influence",NA,"PSYCH_body_self_image_questionnaire_health_fitness_influence_score","rowe_factorial_2005","0.596226121952913","0.642780976643229","FALSE","TRUE","FALSE","FALSE","FALSE","FALSE","FALSE",NA,3,15,11,10.43625,2.70186250830186,9,12,-0.332785763539345,-0.33250034374145
"49","Body Self-Image Questionnaire – Short Form","Investment in ideals",NA,"PSYCH_body_self_image_questionnaire_investment_in_ideals_score","rowe_factorial_2005","0.700191677529942","0.701777069590935","FALSE","TRUE","FALSE","FALSE","FALSE","FALSE","FALSE",NA,3,15,9,9.45363408521303,2.98843115687207,7,12,-0.0376145208519437,-0.792603895340946
"50","Body Self-Image Questionnaire – Short Form","Health Fitness Evaluation",NA,"PSYCH_body_self_image_questionnaire_health_fitness_evaluation_score","rowe_factorial_2005","0.835425717093199","0.837279964642531","FALSE","TRUE","FALSE","FALSE","FALSE","FALSE","FALSE",NA,3,15,8,8.11166875784191,3.32628134538154,5,11,0.0889645394774399,-0.938766338926422
"51","Body Self-Image Questionnaire – Short Form","Attention to Grooming",NA,"PSYCH_body_self_image_questionnaire_attention_to_grooming_score","rowe_factorial_2005","0.740226794209092","0.746875937666986","FALSE","TRUE","FALSE","FALSE","FALSE","FALSE","FALSE",NA,3,15,9,8.86918238993711,2.92268013206191,7,11,0.0896600908640584,-0.540389267588575
"52","Body Self-Image Questionnaire – Short Form","Height dissatisfaction",NA,"PSYCH_body_self_image_questionnaire_height_dissatisfaction_score","rowe_factorial_2005","0.862555188531995","0.863622163344991","FALSE","TRUE","FALSE","FALSE","FALSE","FALSE","FALSE",NA,3,15,7,7.07634543178974,3.76974217300778,3,10,0.451252484824605,-1.03319484496387
"53","Body Self-Image Questionnaire – Short Form","Fatness Evaluation",NA,"PSYCH_body_self_image_questionnaire_fatness_evaluation_score","rowe_factorial_2005","0.845662916347982","0.846031692672464","FALSE","TRUE","FALSE","FALSE","FALSE","FALSE","FALSE",NA,3,15,9,9.28805031446541,3.80590759109095,6,12.5,-0.0509875603606993,-1.12491779294087
"54","Body Self-Image Questionnaire – Short Form","Negative Affect",NA,"PSYCH_body_self_image_questionnaire_negative_affect_score","rowe_factorial_2005","0.880316020423041","0.880924056433251","FALSE","TRUE","FALSE","FALSE","FALSE","FALSE","FALSE",NA,3,15,8,7.98748435544431,3.79286278088591,4,11,0.300738359633514,-1.01666042977424
"55","Body Self-Image Questionnaire – Short Form","Social Dependence",NA,"PSYCH_body_self_image_questionnaire_social_dependence_score","rowe_factorial_2005","0.745505053871699","0.74695353846004","FALSE","TRUE","FALSE","FALSE","FALSE","FALSE","FALSE",NA,3,15,8,8.2155388471178,3.27932715623353,6,11,0.183067311783089,-0.874946093965296
"56","Big Five Inventory","Agreeableness",NA,"PSYCH_big_five_inventory_agreeable_score","goldberg_development_1992","0.726201818953951","0.729826051990787","FALSE","TRUE","TRUE","TRUE","FALSE","TRUE","FALSE",NA,11,45,32,32.1227672242699,5.47991334873723,28,36,-0.207275953199415,-0.166110411124868
"57","Big Five Inventory","Conscientiousness",NA,"PSYCH_big_five_inventory_conscientious_score","goldberg_development_1992","0.814985048078617","0.815859271456634","FALSE","TRUE","TRUE","TRUE","FALSE","TRUE","FALSE",NA,9,45,32,31.7024608501119,6.58265188435745,27,36,-0.210516620232951,-0.199227179564492
"58","Big Five Inventory","Extraversion",NA,"PSYCH_big_five_inventory_extraverted_score","goldberg_development_1992","0.796692450702045","0.799921539918948","FALSE","TRUE","TRUE","TRUE","FALSE","TRUE","FALSE",NA,8,40,24,23.9938888888889,6.18142548232087,20,28,-0.0326956124307071,-0.372232563341076
"59","Big Five Inventory","Neuroticism",NA,"PSYCH_big_five_inventory_neurotic_score","goldberg_development_1992","0.854444958591026","0.855762556572601","FALSE","TRUE","TRUE","TRUE","FALSE","TRUE","FALSE",NA,8,40,25,24.4886586390367,7.02086308058526,19,30,-0.0975676480328337,-0.573438052979842
"60","Big Five Inventory","Openness",NA,"PSYCH_big_five_inventory_neurotic_score","goldberg_development_1992","0.844798109333323","0.850636576314557","FALSE","TRUE","TRUE","TRUE","FALSE","TRUE","FALSE",NA,8,40,25,24.4886586390367,7.02086308058526,19,30,-0.0975676480328337,-0.573438052979842
"61","Hall's Friendship standards","Symmetrical reciprocity",NA,"FRIENDSHIP_hall_friendship_standards_reciprocity_subscale_score","hall_friendship_2012","0.900350691784712","0.902210165321241","FALSE","TRUE","FALSE","FALSE","FALSE","FALSE","FALSE","Overall FA for the scale checks out",1,5,4,3.96194029850746,0.697068472447084,3.6,4.4,-0.946830657027445,1.48612401884934
"62","Hall's Friendship standards","Agency",NA,"FRIENDSHIP_hall_friendship_standards_agency_subscale_score","hall_friendship_2012","0.875480142664318","0.877108502117976","FALSE","TRUE","FALSE","FALSE","FALSE","FALSE","FALSE","Overall FA for the scale checks out",1,5,2.83333333333333,2.81341991341991,0.813145394317143,2.16666666666667,3.5,-0.000285315082247509,-0.479430431723186
"63","Hall's Friendship standards","Enjoyment",NA,"FRIENDSHIP_hall_friendship_standards_enjoyment_subscale_score","hall_friendship_2012","0.853117984421958","0.853560659313359","FALSE","TRUE","FALSE","FALSE","FALSE","FALSE","FALSE","Subscale missing one item",1,5,3.6,3.53497536945813,0.812074541603315,3,4,-0.733208370609214,0.836813095717539
"64","Hall's Friendship standards","Instrumental aid",NA,"FRIENDSHIP_hall_friendship_standards_aid_subscale_score","hall_friendship_2012","0.911634729826084","0.913244958172146","FALSE","TRUE","FALSE","FALSE","FALSE","FALSE","FALSE","Overall FA for the scale checks out",1,5,3.77777777777778,3.68922305764411,0.725672649211787,3.33333333333333,4.11111111111111,-0.665687732045345,1.05832430443406
"65","Hall's Friendship standards","Similarity",NA,"FRIENDSHIP_hall_friendship_standards_similarity_subscale_score","hall_friendship_2012","0.879883599620035","0.881431423170537","FALSE","TRUE","FALSE","FALSE","FALSE","FALSE","FALSE","Overall FA for the scale checks out",1,5,4,3.9325,0.725958947202509,3.42857142857143,4.42857142857143,-0.805295817852234,1.10741238395326
"66","Hall's Friendship standards","Communion",NA,"FRIENDSHIP_hall_friendship_standards_communion_subscale_score","hall_friendship_2012","0.94031521175332","0.940533446982998","FALSE","TRUE","FALSE","FALSE","FALSE","FALSE","FALSE","Overall FA for the scale checks out",1,5,4,3.92146410803127,0.828321552899864,3.42857142857143,4.67857142857143,-0.802558809812889,0.912269896130255
"67","Positive and Negative Affect Schedule","Positive Affect",NA,"PSYCH_positive_affect_score","watson_development_1988","0.873714278511856","0.876476855083407","FALSE","TRUE","FALSE","FALSE","FALSE","FALSE","FALSE",NA,10,57,32,31.2295918367347,9.89630853374757,24,38,0.0130016549745335,-0.578598090637582
"68","Positive and Negative Affect Schedule","Negative Affect",NA,"PSYCH_negative_affect_score","watson_development_1988","0.919096245108133","0.919349199127384","FALSE","TRUE","FALSE","FALSE","FALSE","FALSE","FALSE",NA,10,60,18,20.4896373056995,10.4402391559937,12,28,0.987416568739514,0.337944228208424
"69","Relational Needs Satisfaction Scale (5-pt)","Authenticity",NA,"PSYCH_relational_needs_satisfaction_scale_5pt_auth_subscale_score","hanc_development_2024","0.90627814921317","0.907635704421932","FALSE","FALSE","FALSE","FALSE","FALSE","TRUE","TRUE","Psychometrics from 2023 data",1,5,4,3.67313664596273,0.854791875731588,3.25,4.25,-0.783449930691378,0.356324544197608
"70","Relational Needs Satisfaction Scale (7-pt)","Authenticity",NA,"PSYCH_relational_needs_satisfaction_scale_7pt_auth_subscale_score","hanc_development_2024","0.871148133842823","0.87484739415031","FALSE","FALSE","FALSE","FALSE","FALSE","TRUE","TRUE","Psychometrics from 2023 data",1,7,5.5,5.17694063926941,1.36078749544204,4.5,6.25,-0.86898227291502,0.170255789245523
"71","Relational Needs Satisfaction Scale (5-pt)","Support and Protection",NA,"PSYCH_relational_needs_satisfaction_scale_5pt_sup_and_protect_subscale_score","hanc_development_2024","0.938953934943076","0.93910480163031","FALSE","FALSE","FALSE","FALSE","FALSE","TRUE","TRUE","Psychometrics from 2023 data",1,5,4,3.86,1.05008254132975,3.25,4.75,-0.927941020670465,0.209957124889714
"72","Relational Needs Satisfaction Scale (7-pt)","Support and Protection",NA,"PSYCH_relational_needs_satisfaction_scale_7pt_sup_and_protect_subscale_score","hanc_development_2024","0.914408004804298","0.915095935143307","FALSE","FALSE","FALSE","FALSE","FALSE","TRUE","TRUE","Psychometrics from 2023 data",1,7,6,5.37253414264036,1.5868560934661,4.25,6.75,-0.97940937346641,0.101148827664737
"73","Relational Needs Satisfaction Scale (5-pt)","Having an impact",NA,"PSYCH_relational_needs_satisfaction_scale_5pt_impact_subscale_score","hanc_development_2024","0.89861421709386","0.898638190720644","FALSE","FALSE","FALSE","FALSE","FALSE","TRUE","TRUE","Psychometrics from 2023 data",1,5,3.75,3.61240310077519,0.701430188477186,3.25,4,-0.713933959328003,0.80412809158996
"74","Relational Needs Satisfaction Scale (7-pt)","Having an impact",NA,"PSYCH_relational_needs_satisfaction_scale_7pt_impact_subscale_score","hanc_development_2024","0.889909534886448","0.890204091824654","FALSE","FALSE","FALSE","FALSE","FALSE","TRUE","TRUE","Psychometrics from 2023 data",2,6,4.5,4.50757575757576,0.665611087798639,4,5,-0.616776455893064,0.451866830721567
"75","Relational Needs Satisfaction Scale (5-pt)","Shared experience",NA,"PSYCH_relational_needs_satisfaction_scale_5pt_shar_exp_subscale_score","hanc_development_2024","0.857130403665204","0.863766263498864","FALSE","FALSE","FALSE","FALSE","FALSE","TRUE","TRUE","Psychometrics from 2023 data",1,5,4,3.875,0.743207260767477,3.5,4.25,-1.11190018518918,2.03804962715034
"76","Relational Needs Satisfaction Scale (7-pt)","Shared experience",NA,"PSYCH_relational_needs_satisfaction_scale_7pt_shar_exp_subscale_score","hanc_development_2024","0.81317944140413","0.822746854840957","FALSE","FALSE","FALSE","FALSE","FALSE","TRUE","TRUE","Psychometrics from 2023 data",1,7,5.5,5.40672205438066,1.13884950495842,4.75,6.25,-0.93944834354745,0.81003647454257
"77","Relational Needs Satisfaction Scale (5-pt)","Initiative from the other",NA,"PSYCH_relational_needs_satisfaction_scale_5pt_initiative_subscale_score","hanc_development_2024","0.827427127282165","0.832452671085353","FALSE","FALSE","FALSE","FALSE","FALSE","TRUE","TRUE","Psychometrics from 2023 data",1,5,3.5,3.36780715396579,0.810285907857286,3,4,-0.678503183837076,0.348398597339881
"78","Relational Needs Satisfaction Scale (7-pt)","Initiative from the other",NA,"PSYCH_relational_needs_satisfaction_scale_7pt_initiative_subscale_score","hanc_development_2024","0.809939171419088","0.813915333781604","FALSE","FALSE","FALSE","FALSE","FALSE","TRUE","TRUE","Psychometrics from 2023 data",1,7,4.75,4.68219696969697,1.28174607907336,4,5.75,-0.650452995844795,0.039542671137311
"79","Relational Needs Satisfaction Scale (5-pt)","Relational Needs",NA,"PSYCH_relational_needs_satisfaction_scale_5pt_total_score","hanc_development_2024","0.934812425993971","0.964724709790509","FALSE","FALSE","FALSE","FALSE","FALSE","TRUE","TRUE","5 pt FA as expected",1.05,5,3.8,3.67878787878788,0.642358472357445,3.3,4.1,-0.868960013854926,1.05788984767773
"80","Relational Needs Satisfaction Scale (7-pt)","Relational Needs",NA,"PSYCH_relational_needs_satisfaction_scale_7pt_total_score","hanc_development_2024","0.939444707751765","0.961657091221451","FALSE","FALSE","FALSE","FALSE","FALSE","TRUE","TRUE","7-pt FA as expected",1.5,6.7,5.2,5.02981510015408,0.982501671072636,4.45,5.75,-0.888429545137148,0.500944988333911
"81","UBC State Social Connection Scale","State social connection: momentary feelings of social connection",NA,"PSYCH_ubc_state_social_connection_scale_score","lok_ubc_2023","0.948771637886044","0.949404891578017","FALSE","FALSE","FALSE","FALSE","FALSE","TRUE","TRUE","Original scale values: α = .92; ω = .93",1,6.2,4.4,4.37116564417178,0.500994271195036,4.1,4.7,-0.474366298654924,3.21303259423713
"82","Need to Belong Scale","Need to belong",NA,"PSYCH_need_to_belong_scale_score","leary_construct_2013","0.847379266888328","0.851230324044052","FALSE","FALSE","FALSE","FALSE","FALSE","TRUE","TRUE",NA,1,5,3.1,3.1390289449113,0.701708237411461,2.7,3.6,0.0692789801625702,0.0528175749469826
"83","Lubben Social Network Scale","Social isolation risk: perceived social support from family, friends, and neighbors","CONNECTION_lubben_social_network_family_score_categ","CONNECTION_lubben_social_network_family_score","lubben_performance_2006","0.843085340297192","0.906223330945502","FALSE","FALSE","TRUE","TRUE","FALSE","FALSE","FALSE","Validated in older populations",0,30,13,13.0827137546468,6.40544477652391,8,18,0.116443808964215,-0.675210872086679
"84","Lubben Social Network Scale","Perceived social support and connectivity within familial relationships",NA,"CONNECTION_lubben_social_network_family_subscale_score","lubben_performance_2006","0.840154840150299","0.84325196393055","FALSE","FALSE","TRUE","TRUE","FALSE","FALSE","FALSE","A cut point of <=6 could be applied to the subscale",0,15,6,6.44695811678386,3.64110693393664,4,9,0.0278380517914843,-0.799260405464878
"85","Lubben Social Network Scale","Perceived social support and connectivity within friendships and neighbours",NA,"CONNECTION_lubben_social_network_friends_subscale_score","lubben_performance_2006","0.884528737514431","0.885705809039005","FALSE","FALSE","TRUE","TRUE","FALSE","FALSE","FALSE","A cut point of <=6 could be applied to the subscale",0,15,7,6.63965623081645,3.93682676511188,3,10,0.0462592157709792,-0.876867170618383
"86","The Health Behavior Checklist","Good Health Practices",NA,"HEALTH_hampson_good_health_practices_scale_score","hampson_health_2019","0.843223186083027","0.84514488689914","FALSE","FALSE","TRUE","FALSE","FALSE","FALSE","FALSE","Good Health Practices is one factor of the full checklist",1,5,3.61111111111111,3.56831438200813,0.622430588458858,3.22222222222222,4,-0.552927164375091,0.629367694301095
"87","Brief Self-Control Scale","Self-control: ability to override or change inner responses and to interrupt undesired behavioral tendencies and refrain from acting on them",NA,"PSYCH_tangney_brief_self_control_scale_score","manapat_psychometric_2021","0.864462201330014","0.877324022166696","FALSE","FALSE","TRUE","FALSE","FALSE","FALSE","FALSE","check reference for potential subscales",1.15384615384615,5,3.23076923076923,3.21995576308675,0.747800784845748,2.76923076923077,3.76923076923077,-0.186485481775944,-0.294727818198178
"88","Short Boredom Pronness Scale","Boredom proneness: capacity (or failure) to engage in sufficiently satisfying activities",NA,"PSYCH_struk_short_boredom_proneness_scale_score","struk_short_2017","0.88204709920139","0.884757989511007","FALSE","FALSE","TRUE","FALSE","FALSE","FALSE","FALSE",NA,1,7,3.25,3.33337019018134,1.37899270574508,2.1875,4.25,0.288664548760571,-0.700911327266741
"89","Drug Abuse Screening Test (DAST-10)","Degree of Problems Related to Drug Abuse","SUBSTANCE_USE_dast_10_scale_categ","SUBSTANCE_USE_dast_10_scale_score","skinner_drug_1982",NA,NA,"FALSE","FALSE","TRUE","FALSE","FALSE","FALSE","FALSE",NA,0,10,0,0.917241379310345,1.74500155471664,0,1,2.66892492536903,7.44695754482052
"90","Canadian food intake screener","Overall alignment of adults’ intake over the past month with the CFG-2019 healthy food choices recommendations",NA,"NUTRITION_canadian_food_intake_screener_score","hutchinson_canadian_2023",NA,NA,"FALSE","FALSE","TRUE","FALSE","FALSE","FALSE","FALSE","Individual component scores should not be used on their own",17.0965608465608,48.9907407407407,33.072977582846,33.0266316146079,5.55813947468041,29.1085494026671,36.947601010101,-0.182485602439843,-0.178338503438735
"91","Three Factor Eating Questionnaire","Cognitive restraint: control over food intake in order to inØuence body weight and body shape",NA,"NUTRITION_three_factor_eating_questionnaire_cognitive_restraint_score","karlsson_psychometric_2000","0.749061670038779","0.753695115260417","FALSE","FALSE","TRUE","FALSE","FALSE","FALSE","FALSE",NA,-88.8888888888889,1188.88888888889,522.222222222222,554.225098885293,242.108550564098,411.111111111111,688.888888888889,0.0767231580696818,-0.396568555494327
"92","Three Factor Eating Questionnaire","Uncontrolled eating",NA,"NUTRITION_three_factor_eating_questionnaire_uncontrolled_eating_score","karlsson_psychometric_2000","0.875074862527367","0.876269519513034","FALSE","FALSE","TRUE","FALSE","FALSE","FALSE","FALSE",NA,0,160,70,69.3548387096774,28.1535875347037,50,88.75,0.359131931145447,-0.0519233249997302
"93","Three Factor Eating Questionnaire","Emotional eating",NA,"NUTRITION_three_factor_eating_questionnaire_emotional_eating_score","karlsson_psychometric_2000","0.909443438200886","0.911237960500008","FALSE","FALSE","TRUE","FALSE","FALSE","FALSE","FALSE",NA,3,12,7,6.88025889967638,2.84477738572138,4,9,0.0971234626301405,-1.22241550534094
"94","Nutrition Cooking and Food Provisioning Action Scale","Food self-efficacy: self-perceptions of cooking and provisioning abilities",NA,"NUTRITION_cooking_and_food_provisioning_action_scale_selfefficacy_score","lahne_corrigendum_2019","0.928714212110649","0.930772505546894","FALSE","FALSE","TRUE","FALSE","FALSE","FALSE","FALSE",NA,1.23076923076923,7,5.73076923076923,5.50052687038988,1.11509504569153,4.92307692307692,6.30769230769231,-1.15160074184723,1.67791956913736
"95","Nutrition Cooking and Food Provisioning Action Scale","Food attitude: attitude towards food and cooking",NA,"NUTRITION_cooking_and_food_provisioning_action_scale_attitude_score","lahne_corrigendum_2019","0.861588181503535","0.87072088953483","FALSE","FALSE","TRUE","FALSE","FALSE","FALSE","FALSE",NA,1.3,7,4.35,4.39865771812081,1.24224119050124,3.5,5.3,-0.0842145303271498,-0.605430087836502
"96","Nutrition Cooking and Food Provisioning Action Scale","Structure: the influence of non-food barriers on provisioning",NA,"NUTRITION_cooking_and_food_provisioning_action_scale_attitude_score","lahne_corrigendum_2019","0.848361807839594","0.850624991361162","FALSE","FALSE","TRUE","FALSE","FALSE","FALSE","FALSE",NA,1.3,7,4.35,4.39865771812081,1.24224119050124,3.5,5.3,-0.0842145303271498,-0.605430087836502
"97","Nutrition Cooking and Food Provisioning Action Scale","Overall score: Self-perceived ability to set and achieve food-related goals",NA,"NUTRITION_cooking_and_food_provisioning_action_scale_score","lahne_corrigendum_2019","0.91086017681545","0.940631552055205","FALSE","FALSE","TRUE","FALSE","FALSE","FALSE","FALSE","Overall FA OK",7.82307692307692,20.6461538461538,15.0615384615385,14.9418893387314,2.64556964653958,13.1384615384615,16.9,-0.121108731713817,-0.49228587470762
"98","Household Food Security Questionnaire - Short Version","Screening tool to identify food insecurity with and without hunger","NUTRITION_food_security_categ","NUTRITION_food_security_score","blumberg_effectiveness_1999",NA,NA,"FALSE","FALSE","TRUE","FALSE","FALSE","FALSE","FALSE","This is a modifier version of the screener scale that replaced one question and some of the response options.",0,6,0,1.57371794871795,2.11433971600136,0,3,0.989191631366531,-0.540599111171002
"99","Cooking skills confidence measure","Cooking skills: Physical or mechanical skills used in the production of a meal",NA,"NUTRITION_cooking_skills_score","lavelle_development_2017","0.929664959175109","0.934438594611537","FALSE","FALSE","TRUE","FALSE","FALSE","FALSE","FALSE",NA,14,98,78,74.9757785467128,17.1337498378593,67,87,-1.03308214606401,1.15093799247706
"100","Global Physical Activity Questionnaire (GPAQ; WHO)","Participant meets WHO recommendations on physical activity for health","EXERCISE_global_physical_activity_questionnaire_category",NA,"bull_global_2009",NA,NA,"FALSE","FALSE","TRUE","FALSE","FALSE","FALSE","FALSE",NA,NA,NA,NA,NA,NA,NA,NA,NA,NA
"101","Global Physical Activity Questionnaire (GPAQ; WHO)","MET value of all global activity per week",NA,"EXERCISE_global_physical_activity_questionnaire_mets","bull_global_2009",NA,NA,"FALSE","FALSE","TRUE","FALSE","FALSE","FALSE","FALSE",NA,4,13428,1232,1780.51882845188,1948.61117496504,316,2530,2.07506677669687,6.61158529458505
"102","Global Physical Activity Questionnaire (GPAQ; WHO)","Minutes of moderate-intensity physical activity per week",NA,"EXERCISE_global_physical_activity_questionnaire_moderate_min","bull_global_2009",NA,NA,"FALSE","FALSE","TRUE","FALSE","FALSE","FALSE","FALSE",NA,0,2730,0,6.4960284439065,76.8319613873414,0,0,19.5906671257295,487.312967744768
"103","Global Physical Activity Questionnaire (GPAQ; WHO)","Minutes of vigorous-intensity physical activity per week",NA,"EXERCISE_global_physical_activity_questionnaire_vigorous_min","bull_global_2009",NA,NA,"FALSE","FALSE","TRUE","FALSE","FALSE","FALSE","FALSE",NA,0,2400,0,1.60526514864967,34.5348467756503,0,0,41.2186896574958,2235.21103515513
"1","Brief COPE Inventory","Positive reinterpretation and growth",NA,"PSYCH_cope_60_positive_reinterpretation_and_growth_subscale_score","carver_assessing_1989","0.799696377510408","0.802725964804383","FALSE","FALSE","TRUE","FALSE","FALSE","FALSE","FALSE","Current approach https://www.psy.miami.edu/faculty/ccarver/copefull.html differs slightly from original scale",4,16,11,11.08038585209,2.90771518422513,9,14,-0.0543095323119732,-0.636192133952996
"210","Brief COPE Inventory","Mental disengagement",NA,"PSYCH_cope_60_mental_disengagement_subscale_score","carver_assessing_1989","0.402539800378673","0.430195053943359","FALSE","FALSE","TRUE","FALSE","FALSE","FALSE","FALSE","Current approach https://www.psy.miami.edu/faculty/ccarver/copefull.html differs slightly from original scale",4,16,9,9.4775641025641,2.45594164279016,8,11,0.243091102452106,-0.316696460222891
"310","Brief COPE Inventory","Focus on and venting of emotions",NA,"PSYCH_cope_60_focus_on_and_venting_of_emotions_subscale_score","carver_assessing_1989","0.756841423522033","0.760172265742253","FALSE","FALSE","TRUE","FALSE","FALSE","FALSE","FALSE","Current approach https://www.psy.miami.edu/faculty/ccarver/copefull.html differs slightly from original scale",4,16,9,9.4185303514377,2.97434140736557,7,11,0.34851895651479,-0.464677755339201
"410","Brief COPE Inventory","Use of instrumental social support",NA,"PSYCH_cope_60_use_of_instrumental_social_support_subscale_score","carver_assessing_1989","0.818386068951446","0.819533286488468","FALSE","FALSE","TRUE","FALSE","FALSE","FALSE","FALSE","Current approach https://www.psy.miami.edu/faculty/ccarver/copefull.html differs slightly from original scale",4,16,10,9.93569131832797,3.17587368033436,8,12,0.0483139281626039,-0.735839249720465
"510","Brief COPE Inventory","Active coping",NA,"PSYCH_cope_60_active_coping_subscale_score","carver_assessing_1989","0.818111191844915","0.818747241313709","FALSE","FALSE","TRUE","FALSE","FALSE","FALSE","FALSE","Current approach https://www.psy.miami.edu/faculty/ccarver/copefull.html differs slightly from original scale",4,16,11,10.8246753246753,2.86648183934329,9,13,-0.064175807589286,-0.60455441255138
"610","Brief COPE Inventory","Denial",NA,"PSYCH_cope_60_denial_subscale_score","carver_assessing_1989","0.71400181718684","0.726398252423528","FALSE","FALSE","TRUE","FALSE","FALSE","FALSE","FALSE","Current approach https://www.psy.miami.edu/faculty/ccarver/copefull.html differs slightly from original scale",4,14,5,5.83441558441558,2.24301681069185,4,7,1.23359372834155,0.989470221049412
"710","Brief COPE Inventory","Religious coping",NA,"PSYCH_cope_60_religious_coping_subscale_score","carver_assessing_1989","0.945592970619885","0.946019564600285","FALSE","FALSE","TRUE","FALSE","FALSE","FALSE","FALSE","Current approach https://www.psy.miami.edu/faculty/ccarver/copefull.html differs slightly from original scale",4,16,4,6.94855305466238,3.98107492732991,4,9.5,1.08599808926837,-0.214367611550305
"810","Brief COPE Inventory","Humor",NA,"PSYCH_cope_60_humor_subscale_score","carver_assessing_1989","0.8960817764394","0.898599253215763","FALSE","FALSE","TRUE","FALSE","FALSE","FALSE","FALSE","Current approach https://www.psy.miami.edu/faculty/ccarver/copefull.html differs slightly from original scale",4,16,8,8.8284789644013,3.47715614931676,6,11,0.403578223225388,-0.753837547801876
"910","Brief COPE Inventory","Behavioral disengagement",NA,"PSYCH_cope_60_behavioral_disengagement_subscale_score","carver_assessing_1989","0.762010489330564","0.766246066099984","FALSE","FALSE","TRUE","FALSE","FALSE","FALSE","FALSE","Current approach https://www.psy.miami.edu/faculty/ccarver/copefull.html differs slightly from original scale",4,16,7,7.42492012779553,2.70711646607745,5,9,0.623591043018671,-0.0028776365539076
"104","Brief COPE Inventory","Restraint",NA,"PSYCH_cope_60_restraint_subscale_score","carver_assessing_1989","0.699125265785286","0.70873782601827","FALSE","FALSE","TRUE","FALSE","FALSE","FALSE","FALSE","Current approach https://www.psy.miami.edu/faculty/ccarver/copefull.html differs slightly from original scale",4,16,9,9.47909967845659,2.56503420583994,8,11,0.0223420697033055,-0.393032212487849
"111","Brief COPE Inventory","Use of emotional social support",NA,"PSYCH_cope_60_use_of_emotional_social_support_subscale_score","carver_assessing_1989","0.876199705813845","0.879703125556461","FALSE","FALSE","TRUE","FALSE","FALSE","FALSE","FALSE","Current approach https://www.psy.miami.edu/faculty/ccarver/copefull.html differs slightly from original scale",4,16,10,9.78064516129032,3.49529682660064,7,12,0.0123526110060276,-0.931721695237877
"121","Brief COPE Inventory","Substance use",NA,"PSYCH_cope_60_substance_use_subscale_score","carver_assessing_1989","0.957886103259255","0.958022483053051","FALSE","FALSE","TRUE","FALSE","FALSE","FALSE","FALSE","Current approach https://www.psy.miami.edu/faculty/ccarver/copefull.html differs slightly from original scale",4,16,4,5.76948051948052,3.19131206456378,4,7,1.8311678287449,2.39445896235519
"131","Brief COPE Inventory","Acceptance",NA,"PSYCH_cope_60_acceptance_subscale_score","carver_assessing_1989","0.712861455453709","0.713076254978392","FALSE","FALSE","TRUE","FALSE","FALSE","FALSE","FALSE","Current approach https://www.psy.miami.edu/faculty/ccarver/copefull.html differs slightly from original scale",4,16,11,10.9808306709265,2.58935504791917,9,13,-0.0330691756516819,-0.421164364213175
"141","Brief COPE Inventory","Suppression of competing activities",NA,"PSYCH_cope_60_suppression_of_competing_activities_subscale_score","carver_assessing_1989","0.651531363500148","0.664481063683027","FALSE","FALSE","TRUE","FALSE","FALSE","FALSE","FALSE","Current approach https://www.psy.miami.edu/faculty/ccarver/copefull.html differs slightly from original scale",4,16,9,9.52903225806452,2.39959456505176,8,11,0.198978059737454,-0.285258823085844
"151","Brief COPE Inventory","Planning",NA,"PSYCH_cope_60_planning_subscale_score","carver_assessing_1989","0.866868324555616","0.868429007407296","FALSE","FALSE","TRUE","FALSE","FALSE","FALSE","FALSE","Current approach https://www.psy.miami.edu/faculty/ccarver/copefull.html differs slightly from original scale",4,16,12,11.4548387096774,3.09131141824645,9,14,-0.269214465360565,-0.608160052822095
"119","	Holmes & Rahe Social Readjustment Rating Scale (SRRS)","Impact of life events stress","LIFECOURSE_holmes_rahe_social_readjustment_rating_scale_category","LIFECOURSE_holmes_rahe_social_readjustment_rating_scale_score","wallace_social_2023",NA,NA,"FALSE","FALSE","FALSE","TRUE","FALSE","FALSE","TRUE",NA,0,766,132,160.627342123525,135.415602259202,60,229,1.2944251993139,2.09044341870181
"120","Auckland Individualism–Collectivism Scale","Collectivism: relatedness, belonging, duty, harmony, advice seeking, context dependent, hierarchical, and group oriented",NA,"PSYCH_aukland_collectivism_scale_score","krageloh_auckland_2023","0.784829074549355","0.828681599586291","FALSE","FALSE","FALSE","TRUE","FALSE","FALSE","TRUE",NA,1,6,3.18181818181818,3.20627163991187,0.744400870148529,2.72727272727273,3.63636363636364,0.298807926743652,0.455134723879465
"1211","Auckland Individualism–Collectivism Scale","Individualism: independence, goals, competition, uniqueness, private, self-knowing, and direct communication",NA,"PSYCH_aukland_individualism_scale_score","krageloh_auckland_2023","0.73408688467051","0.818687261638056","FALSE","FALSE","FALSE","TRUE","FALSE","FALSE","TRUE",NA,1,6,3.6,3.61055145869239,0.645541561197474,3.2,4,0.278573595275232,0.852180790870024
"122","Auckland Individualism–Collectivism Scale","Advice",NA,"PSYCH_aukland_individualism_collectivism_scale_advice_domain","krageloh_auckland_2023","0.830695850739316","0.833804629127396","FALSE","FALSE","FALSE","TRUE","FALSE","FALSE","TRUE",NA,1,6,3.14285714285714,3.09233947119924,0.958451071473308,2.42857142857143,3.71428571428571,0.216337727542213,-0.141079013288456
"123","Auckland Individualism–Collectivism Scale","Harmony",NA,"PSYCH_aukland_individualism_collectivism_scale_harmony_domain","krageloh_auckland_2023","0.643348231432121","0.655179198286476","FALSE","FALSE","FALSE","TRUE","FALSE","FALSE","TRUE",NA,1,6,3.25,3.40763692162417,0.851729448550617,2.75,4,0.254574231956837,0.12566126775203
"124","Auckland Individualism–Collectivism Scale","Compete",NA,"PSYCH_aukland_individualism_collectivism_scale_compete_domain","krageloh_auckland_2023","0.828486738130986","0.834355638464023","FALSE","FALSE","FALSE","TRUE","FALSE","FALSE","TRUE",NA,1,6,2.57142857142857,2.68642418723863,0.949139491287168,2,3.28571428571429,0.523812047891136,0.16542053594539
"125","Auckland Individualism–Collectivism Scale","Unique",NA,"PSYCH_aukland_individualism_collectivism_scale_unique_domain","krageloh_auckland_2023","0.769156761973739","0.769450168324746","FALSE","FALSE","FALSE","TRUE","FALSE","FALSE","TRUE",NA,1,6,4.25,4.31238196411709,0.976578588976722,3.75,5,-0.294101551186559,-0.274552986534386
"126","Auckland Individualism–Collectivism Scale","Responsibility",NA,"PSYCH_aukland_individualism_collectivism_scale_responsibility_domain","krageloh_auckland_2023","0.560970389023718","0.582657964740863","FALSE","FALSE","FALSE","TRUE","FALSE","FALSE","TRUE",NA,1,6,4.5,4.51729225684608,0.752813842536738,4,5,-0.511339782832575,0.840858096165506
"127","Nielsen Workplace Friendship Scale","Workplace Friendship",NA,"PSYCH_nielsen_workplace_friendship_scale_score","nielsen_development_2000","0.917301820826436","0.934281023921916","FALSE","FALSE","FALSE","TRUE","FALSE","FALSE","TRUE",NA,12,60,38,38.2671814671815,9.83729911084623,33,45,-0.383129257422907,0.0613930277140113
"128","Nielsen Workplace Friendship Scale","Friendship Opportunity",NA,"PSYCH_nielsen_workplace_friendship_opportunity_subscale_score","nielsen_development_2000","0.856890691366824","0.862074003803198","FALSE","FALSE","FALSE","TRUE","FALSE","FALSE","TRUE",NA,6,30,21,20.2486528098537,5.32753734786772,18,24,-0.750736113501545,0.598967954893465
"129","Nielsen Workplace Friendship Scale","Frienship prevalence",NA,"PSYCH_nielsen_workplace_friendship_prevalence_subscale_score","nielsen_development_2000","0.902598560328699","0.902940136343815","FALSE","FALSE","FALSE","TRUE","FALSE","FALSE","TRUE",NA,6,30,18,18.0030188679245,5.43097221107775,14,22,-0.187908569218454,-0.297086492226695
"130","Mentalizing Questionnaire (MENTS)","mental process of implicitly and explicitly interpreting the actions of the self and others as meaningful on the basis of intentional
mental states such as personal desires, needs, feelings, beliefs, and reasons",NA,"PSYCH_ments_mentalizing_questionnaire_score","dimitrijevic_mentalization_2018","0.906567089500928","0.930805186344522","FALSE","FALSE","FALSE","FALSE","FALSE","FALSE","TRUE",NA,1.5,4.42857142857143,3.35714285714286,3.32549085985105,0.404971460426037,3.14285714285714,3.57142857142857,-1.52168776906487,5.20217821838608
"1311","Mentalizing Questionnaire (MENTS)","Self-Related Mentalization",NA,"PSYCH_ments_mentalizing_questionnaire_self_subscale_score","dimitrijevic_mentalization_2018","0.820364985792593","0.824985352443026","FALSE","FALSE","FALSE","FALSE","FALSE","FALSE","TRUE",NA,1.5,4.375,2.75,2.81539351851852,0.584059337344409,2.375,3.125,0.288611435793264,-0.112004300267007
"132","Mentalizing Questionnaire (MENTS)","Others-Related Mentalization",NA,"PSYCH_ments_mentalizing_questionnaire_others_subscale_score","dimitrijevic_mentalization_2018","0.873597081838868","0.875431175238811","FALSE","FALSE","FALSE","FALSE","FALSE","FALSE","TRUE",NA,1,4.88888888888889,3.77777777777778,3.69495884773663,0.671173199481328,3.44444444444444,4.11111111111111,-1.21783275347896,2.79225833938719
"133","Mentalizing Questionnaire (MENTS)","Motivation to Mentalize",NA,"PSYCH_ments_mentalizing_questionnaire_motivation_subscale_score","dimitrijevic_mentalization_2018","0.854501794807184","0.8572749342268","FALSE","FALSE","FALSE","FALSE","FALSE","FALSE","TRUE",NA,1.45454545454545,4.18181818181818,3.36363636363636,3.38846801346801,0.452591328463118,3.18181818181818,3.72727272727273,-1.41746686633934,4.00686226754427
"134","Interpersonal Sensitivity Measure","Interpersonal sensitivity: undue and excessive awareness of, an sensitivity to, the behaviour and feelings of others",NA,"PSYCH_Interpersonal_sensitivity_measure_score","boyce_interpersonal_2014","0.938965961039415","0.959333606228408","FALSE","FALSE","FALSE","FALSE","FALSE","FALSE","TRUE","Item 6 is missing, the scale is not comparable to previous studies",40,140,91,91.3152709359606,18.344856923537,77,103.5,0.0683352827585357,-0.464271556999134
"135","Interpersonal Sensitivity Measure","Interpersonal awareness",NA,"PSYCH_Interpersonal_sensitivity_measure_interpersonal_awareness_subscale_score","boyce_interpersonal_2014","0.874781172314295","0.881321591946969","FALSE","FALSE","FALSE","FALSE","FALSE","FALSE","TRUE",NA,7,28,19,18.8248847926267,5.17979766073061,15,23,-0.157315588695668,-0.834333923851462
"136","Interpersonal Sensitivity Measure","Need for approval",NA,"PSYCH_Interpersonal_sensitivity_measure_need_approval_subscale_score","boyce_interpersonal_2014","0.874781172314295","0.881321591946969","FALSE","FALSE","FALSE","FALSE","FALSE","FALSE","TRUE","Item 6 is missing, the scale is not comparable to previous studies",7,28,22,22.1121495327103,3.20892857319443,20,24,-1.02333748345045,2.85362067850099
"137","Interpersonal Sensitivity Measure","Separation Anxiety",NA,"PSYCH_Interpersonal_sensitivity_measure_separation_anxiety_subscale_score","boyce_interpersonal_2014","0.857693524990881","0.860420254623749","FALSE","FALSE","FALSE","FALSE","FALSE","FALSE","TRUE",NA,8,32,18.5,18.8394495412844,5.62719726012467,14.25,22,0.33872002129799,-0.57078402647749
"138","Interpersonal Sensitivity Measure","Fragile Inner-Self",NA,"PSYCH_Interpersonal_sensitivity_measure_fragility_subscale_score","boyce_interpersonal_2014","0.814702082712136","0.818016732445488","FALSE","FALSE","FALSE","FALSE","FALSE","FALSE","TRUE",NA,5,20,10,10.2372093023256,3.65504537066167,7,13,0.39774790346934,-0.653389909895086
"139","Interpersonal Sensitivity Measure","Timidity",NA,"PSYCH_Interpersonal_sensitivity_measure_timidity_subscale_score","boyce_interpersonal_2014","0.79698967100029","0.807603900547925","FALSE","FALSE","FALSE","FALSE","FALSE","FALSE","TRUE",NA,10,32,22,21.0833333333333,4.58232194619765,18,24,-0.150157985034659,-0.35008777078093
"140","Rejection Sensitivity Questionnaire (Adult version)","Rejection sensitivity: generalized expectations and anxiety about whether significant others will meet our needs for acceptance or will be rejecting",NA,"PSYCH_rejection_sensitivity_questionnaire_adult_version_score","downey_implications_1996","0.782684438612948","0.837652590954074","FALSE","FALSE","FALSE","FALSE","FALSE","FALSE","TRUE","SD can be used to divide people in categories. See 10.13140/RG.2.2.29141.81127",1.44444444444444,26.1111111111111,9.77777777777778,10.0595427963849,4.82128361457238,6.44444444444444,12.7777777777778,0.729617230482878,0.57328172793137
"1411","Brief Fear of Negative Evaluation Scale","Fear of Negative Evaluation: degree to which people experience apprehesion at the prospect of being evaluated negatively",NA,"PSYCH_brief_fear_of_negative_evaluation_scale_score","leary_brief_1983","0.923942583177719","0.951390059802353","FALSE","FALSE","FALSE","FALSE","FALSE","FALSE","TRUE",NA,12,60,34,34.906103286385,11.3765154631645,27,43,0.252625984435914,-0.825935994433869
"142","Chicago Face Database Ratings","Social perception: black_man",NA,"PSYCH_chicago_face_recognition_black_man","ma_chicago_2015","0.892502049853533","0.926018922073824","FALSE","FALSE","FALSE","FALSE","FALSE","FALSE","TRUE","Normalized score available with suffix _norm",0.142857142857143,9.14285714285714,5.35714285714286,5.29761904761905,1.52449202549342,4.57142857142857,6.14285714285714,-0.4550321889118,0.73934628713215
"143","Chicago Face Database Ratings","Social perception: black_woman",NA,"PSYCH_chicago_face_recognition_black_woman","ma_chicago_2015","0.926109384691058","0.954591181949541","FALSE","FALSE","FALSE","FALSE","FALSE","FALSE","TRUE","Normalized score available with suffix _norm",0,9.28571428571429,5.85714285714286,5.78817733990148,1.60024654770897,5.14285714285714,6.71428571428571,-1.00510953757098,1.91056109658031
"144","Chicago Face Database Ratings","Social perception: white_man",NA,"PSYCH_chicago_face_recognition_white_man","ma_chicago_2015","0.920406674830409","0.956302238530983","FALSE","FALSE","FALSE","FALSE","FALSE","FALSE","TRUE","Normalized score available with suffix _norm",0,9.57142857142857,5.28571428571429,5.345,1.59479961330066,4.42857142857143,6.28571428571429,-0.195568984658313,0.643070757572754
"145","Chicago Face Database Ratings","Social perception: white_woman",NA,"PSYCH_chicago_face_recognition_white_woman","ma_chicago_2015","0.906765804438396","0.934807765668741","FALSE","FALSE","FALSE","FALSE","FALSE","FALSE","TRUE","Normalized score available with suffix _norm",0,10,5.14285714285714,5.19117647058824,1.47788434248364,4.42857142857143,6,-0.229439909452593,1.3041699355264
"146","Chicago Face Database Ratings","Social perception: asian_man",NA,"PSYCH_chicago_face_recognition_asian_man","ma_chicago_2015","0.90389857477699","0.934478808879298","FALSE","FALSE","FALSE","FALSE","FALSE","FALSE","TRUE","Normalized score available with suffix _norm",0,9.42857142857143,5,4.76308345120226,1.57021438823,3.85714285714286,5.71428571428571,-0.366596431485629,0.235540142028854
"147","Chicago Face Database Ratings","Social perception: asian_woman",NA,"PSYCH_chicago_face_recognition_asian_woman","ma_chicago_2015","0.885232625719856","0.916028918689153","FALSE","FALSE","FALSE","FALSE","FALSE","FALSE","TRUE","Normalized score available with suffix _norm",0,9.42857142857143,5.28571428571429,5.27941176470588,1.4914589764635,4.42857142857143,6.14285714285714,-0.414295837787981,1.2036692038359
"148","Chicago Face Database Ratings","Social perception: latin_man",NA,"PSYCH_chicago_face_recognition_latin_man","ma_chicago_2015","0.913968015659927","0.943460440135488","FALSE","FALSE","FALSE","FALSE","FALSE","FALSE","TRUE","Normalized score available with suffix _norm",0,9.14285714285714,5.5,5.36357142857143,1.54073645831003,4.67857142857143,6.28571428571429,-0.897254964548694,1.38238058742641
"149","Chicago Face Database Ratings","Social perception: latin_woman",NA,"PSYCH_chicago_face_recognition_latin_woman","ma_chicago_2015","0.910253494139752","0.940858421586792","FALSE","FALSE","FALSE","FALSE","FALSE","FALSE","TRUE","Normalized score available with suffix _norm",0,9.85714285714286,5.92857142857143,5.82428571428571,1.43927861122372,5.14285714285714,6.71428571428571,-0.753314230127643,1.92496679126375
"150","Chicago Face Database Ratings","Social perception: mixed_man",NA,"PSYCH_chicago_face_recognition_mixed_man","ma_chicago_2015","0.908121769522129","0.934424276324431","FALSE","FALSE","FALSE","FALSE","FALSE","FALSE","TRUE","Normalized score available with suffix _norm",0,9.28571428571429,4.85714285714286,4.51142857142857,1.60173477895776,3.57142857142857,5.57142857142857,-0.406037209605382,0.123699854520436
"1511","Chicago Face Database Ratings","Social perception: mixed_woman",NA,"PSYCH_chicago_face_recognition_mixed_woman","ma_chicago_2015","0.916330837207433","0.940019424363386","FALSE","FALSE","FALSE","FALSE","FALSE","FALSE","TRUE","Normalized score available with suffix _norm",0,9.57142857142857,5.28571428571429,5.32124728063814,1.48576517148859,4.57142857142857,6.42857142857143,-0.437205573845803,1.19758112947861
"152","Chicago Face Database Ratings","Social perception: man",NA,"PSYCH_chicago_face_recognition_man","ma_chicago_2015","0.945193140612673","0.959400493554069","FALSE","FALSE","FALSE","FALSE","FALSE","FALSE","TRUE","Normalized score available with suffix _norm",0.4,9.31428571428571,5.08571428571429,5.07293233082707,1.11386307794809,4.45714285714286,5.68571428571429,-0.174601664573568,1.99167611412685
"153","Chicago Face Database Ratings","Social perception: woman",NA,"PSYCH_chicago_face_recognition_woman","ma_chicago_2015","0.955241944277154","0.96680179223953","FALSE","FALSE","FALSE","FALSE","FALSE","FALSE","TRUE","Normalized score available with suffix _norm",0,9.22857142857143,5.54285714285714,5.49738219895288,1.16110645145414,4.94285714285714,6.1,-0.444277954334319,2.72285523892213
"154","Chicago Face Database Ratings","Social perception: black",NA,"PSYCH_chicago_face_recognition_black","ma_chicago_2015","0.929142717285777","0.953691934041445","FALSE","FALSE","FALSE","FALSE","FALSE","FALSE","TRUE","Normalized score available with suffix _norm",0.0714285714285714,8.85714285714286,5.57142857142857,5.55374823196605,1.38154311583503,4.92857142857143,6.42857142857143,-0.656788100087274,1.51194546760822
"155","Chicago Face Database Ratings","Social perception: white",NA,"PSYCH_chicago_face_recognition_white","ma_chicago_2015","0.926472483370338","0.956082273429478","FALSE","FALSE","FALSE","FALSE","FALSE","FALSE","TRUE","Normalized score available with suffix _norm",0,9.35714285714286,5.14285714285714,5.27571428571429,1.34319618148302,4.42857142857143,6.07142857142857,-0.0544836239835324,1.53349767868304
"156","Chicago Face Database Ratings","Social perception: asian",NA,"PSYCH_chicago_face_recognition_asian","ma_chicago_2015","0.910782749295764","0.942581925072655","FALSE","FALSE","FALSE","FALSE","FALSE","FALSE","TRUE","Normalized score available with suffix _norm",0,9.42857142857143,5,5.01990049751244,1.34033195334282,4.35714285714286,5.85714285714286,-0.256635383005429,1.16990535883555
"157","Chicago Face Database Ratings","Social perception: latin",NA,"PSYCH_chicago_face_recognition_latin","ma_chicago_2015","0.906800219644422","0.95106794570329","FALSE","FALSE","FALSE","FALSE","FALSE","FALSE","TRUE","Normalized score available with suffix _norm",0,9.42857142857143,5.57142857142857,5.59789702683104,1.2206354008994,5,6.35714285714286,-0.823626704311229,2.89873081161691
"158","Chicago Face Database Ratings","Social perception: mixed",NA,"PSYCH_chicago_face_recognition_mixed","ma_chicago_2015","0.918571065873754","0.953282682974767","FALSE","FALSE","FALSE","FALSE","FALSE","FALSE","TRUE","Normalized score available with suffix _norm",0,9.42857142857143,5,4.91302738712065,1.32129644713935,4.28571428571429,5.64285714285714,-0.567173770640159,1.90903242498284
"159","Reading the Mind in the Eyes Test (10-item)","Emotion recognition ability",NA,"PSYCH_reading_the_mind_in_the_eyes_test_score","lee_reading_2021",NA,NA,"FALSE","FALSE","FALSE","FALSE","FALSE","FALSE","TRUE","Construct from 10.1037/abn0000182, time for each answer and overall are also available",1,10,8,7.45588235294118,1.74282899683227,6,9,-0.990458638242335,1.33965655472174
"160","Collective Efficacy Scale","Collective Efficacy: how well communities work together to make things happen",NA,"PSYCH_collective_efficacy_scale_social_control_score","sampson_neighborhoods_1997","0.880218065141437","0.907775093288489","FALSE","FALSE","FALSE","TRUE","FALSE","FALSE","FALSE","FA correct",1,5,2.7,2.77179962894249,0.787850353139076,2.2,3.2,0.399212019721606,-0.0517753916705992
"161","Collective Efficacy Scale","Informal social control: how likely neighbors are to intervene when there is trouble",NA,"PSYCH_collective_efficacy_scale_informal_social_control_subscale_core","sampson_neighborhoods_1997","0.889668543716323","0.891074862563491","FALSE","FALSE","FALSE","TRUE","FALSE","FALSE","FALSE",NA,1,5,2.8,2.8486586493987,1.03821452639439,2.2,3.4,0.473083890183735,-0.374437640377333
"162","Collective Efficacy Scale","Social cohesion and trust: how likely neighbors are to support each other in times of need",NA,"PSYCH_collective_efficacy_scale_social_cohesion_subscale_core","sampson_neighborhoods_1997","0.889668543716323","0.891074862563491","FALSE","FALSE","FALSE","TRUE","FALSE","FALSE","FALSE",NA,1,5,2.6,2.69433962264151,0.75729921693951,2.2,3.2,0.299167637546303,0.317269490103244
"163","Comfort from Companion Animals Scale","perceived comfort received from a pet",NA,"PETS_comfort_from_companion_animals_scale_score","zasloff_measuring_1996","0.942442758837536","0.953516985172892","FALSE","FALSE","FALSE","TRUE","FALSE","FALSE","FALSE","Our scoring has an extra category (Neither agree nor disagree) and slightly modified items. FA (originally not reported) is conceptually estimulating",2.33333333333333,5,4.66666666666667,4.37487179487179,0.692887904194346,4,5,-1.04740951710741,0.239329052603957
"164","1-item life satisfaction","Life satisfaction",NA,"WELLNESS_life_satisfaction_num","cheung_assessing_2014",NA,NA,"TRUE","TRUE","TRUE","TRUE","TRUE","TRUE","TRUE","From Statistics Canada's General Social Survey (GSS)",1,10,6,6.14506836357382,2.33753619845173,5,8,-0.406391722133561,-0.497674307965952
"165",NA,"Self-esteem",NA,"PSYCH_self_esteem_unknown_scale_score",NA,"0.845064041680215","0.906273882307778","TRUE","FALSE","FALSE","FALSE","FALSE","FALSE","FALSE","Ask previous analyst, they reverse scored items, so they can probably ID the scale",13.1111111111111,68.6666666666667,44.4444444444444,45.5086009597637,9.75560766983767,38.8888888888889,52,0.148918874347234,-0.317703765409301
"166",NA,"Childhool adult relationships",NA,"LIFECOURSE_childhood_adult_relationships_unknown_scale_score",NA,"0.913050720387816","0.927736425397735","TRUE","FALSE","FALSE","FALSE","FALSE","FALSE","FALSE",NA,7,35,21,21.6492248062016,6.26502223462669,18,26,-0.0908167315919799,-0.0966741624639553
"167","US Consumer Financial Protection Bureau financial well-being score","Financial well-being","FINANCES_cfpb_financial_wellbeing_scale_categ","FINANCES_cfpb_financial_wellbeing_scale_age_adjusted_score","bureau_measuring_2015",NA,NA,"TRUE","TRUE","FALSE","FALSE","FALSE","FALSE","FALSE","Scale adjusted based on age. More guidelines on https://archive.is/K28SH",19,90,48,49.9752104770814,12.7698332470827,43,55,0.556638340896099,1.28097576358894
